{
    "19": {
        "dim1": -0.1520611601,
        "dim2": 0.4130915259,
        "sex": "female ",
        "default": 1
    },
    "30": {
        "dim1": -0.2061182264,
        "dim2": 0.3883319964,
        "sex": "male ",
        "default": 1
    },
    "4": {
        "dim1": 0.4896267472,
        "dim2": 0.1819635753,
        "sex": "male ",
        "default": 0
    },
    "6": {
        "dim1": -0.4601340337,
        "dim2": 0.1022737855,
        "sex": "male ",
        "default": 0
    },
    "5": {
        "dim1": -0.4105629315,
        "dim2": 0.0472031012,
        "sex": "male ",
        "default": 1
    },
    "9": {
        "dim1": 0.0157274552,
        "dim2": -0.4831678968,
        "sex": "male ",
        "default": 0
    },
    "1": {
        "dim1": 0.3226958333,
        "dim2": -0.0225785934,
        "sex": "male ",
        "default": 0
    },
    "8": {
        "dim1": 0.4753128955,
        "dim2": -0.2096250454,
        "sex": "male ",
        "default": 0
    },
    "7": {
        "dim1": 0.4446316476,
        "dim2": 0.3188137594,
        "sex": "male ",
        "default": 0
    },
    "18": {
        "dim1": 0.2588307855,
        "dim2": 0.2539197008,
        "sex": "male ",
        "default": 0
    },
    "14": {
        "dim1": -0.1531672824,
        "dim2": 0.1298578992,
        "sex": "male ",
        "default": 1
    },
    "17": {
        "dim1": 0.0222000547,
        "dim2": 0.0172376965,
        "sex": "male ",
        "default": 0
    },
    "34": {
        "dim1": 0.4318142297,
        "dim2": 0.1352582025,
        "sex": "male ",
        "default": 0
    },
    "37": {
        "dim1": -0.0556036911,
        "dim2": 0.3413660155,
        "sex": "male ",
        "default": 0
    },
    "33": {
        "dim1": 0.0185895926,
        "dim2": 0.4296620226,
        "sex": "male ",
        "default": 0
    },
    "3": {
        "dim1": -0.2192777212,
        "dim2": 0.1400518621,
        "sex": "male ",
        "default": 0
    },
    "23": {
        "dim1": 0.2576912529,
        "dim2": 0.3330047117,
        "sex": "male ",
        "default": 0
    },
    "21": {
        "dim1": 0.1089814037,
        "dim2": -0.4752476743,
        "sex": "male ",
        "default": 0
    },
    "22": {
        "dim1": 0.242834075,
        "dim2": -0.4985553517,
        "sex": "male ",
        "default": 0
    },
    "10": {
        "dim1": -0.1220959758,
        "dim2": -0.2975151318,
        "sex": "male ",
        "default": 1
    },
    "2": {
        "dim1": 0.0932850521,
        "dim2": 0.2574299399,
        "sex": "female ",
        "default": 1
    },
    "24": {
        "dim1": -0.0072194325,
        "dim2": -0.3612800293,
        "sex": "male ",
        "default": 0
    },
    "36": {
        "dim1": -0.1935707668,
        "dim2": 0.5096827362,
        "sex": "male ",
        "default": 1
    },
    "20": {
        "dim1": 0.4221919548,
        "dim2": -0.5288015425,
        "sex": "male ",
        "default": 0
    },
    "32": {
        "dim1": 0.226957527,
        "dim2": 0.1863278511,
        "sex": "male ",
        "default": 0
    },
    "38": {
        "dim1": -0.5354389586,
        "dim2": -0.4195694794,
        "sex": "male ",
        "default": 1
    },
    "12": {
        "dim1": -0.5767727429,
        "dim2": 0.3659868677,
        "sex": "female ",
        "default": 1
    },
    "29": {
        "dim1": -0.0963727384,
        "dim2": -0.0617550812,
        "sex": "male ",
        "default": 0
    },
    "31": {
        "dim1": 0.239666952,
        "dim2": -0.2746505749,
        "sex": "male ",
        "default": 0
    },
    "28": {
        "dim1": -0.3477406022,
        "dim2": -0.4260309183,
        "sex": "female ",
        "default": 0
    },
    "39": {
        "dim1": -0.3106671926,
        "dim2": 0.4200935026,
        "sex": "male ",
        "default": 0
    },
    "26": {
        "dim1": -0.3637607262,
        "dim2": -0.2407150967,
        "sex": "male ",
        "default": 0
    },
    "27": {
        "dim1": -0.5426012929,
        "dim2": -0.6422714318,
        "sex": "male ",
        "default": 0
    },
    "35": {
        "dim1": -0.5224859311,
        "dim2": -0.0344856428,
        "sex": "female ",
        "default": 0
    },
    "16": {
        "dim1": 0.4514028939,
        "dim2": -0.1054612641,
        "sex": "female ",
        "default": 1
    },
    "25": {
        "dim1": -0.2153514413,
        "dim2": -0.4814111153,
        "sex": "male ",
        "default": 0
    },
    "15": {
        "dim1": -0.3550491313,
        "dim2": 0.2225290248,
        "sex": "female ",
        "default": 0
    },
    "11": {
        "dim1": 0.4170726767,
        "dim2": 0.4733347208,
        "sex": "female ",
        "default": 1
    },
    "13": {
        "dim1": 0.66048088,
        "dim2": -0.4869273053,
        "sex": "female ",
        "default": 0
    },
    "40": {
        "dim1": 0.1834753526,
        "dim2": -0.1553025832,
        "sex": "male ",
        "default": 0
    }
}